{"options":{"check_for_updates":false,"comment":null,"compatopts_for_requires":true,"compat_wrappedjsobject":false,"compat_metadata":false,"compat_foreach":false,"compat_prototypes":false,"noframes":null,"run_at":null,"override":{"merge_connects":true,"merge_excludes":true,"merge_includes":true,"merge_matches":true,"orig_connects":[],"orig_excludes":[],"orig_includes":[],"orig_matches":["https://parquesnaturales.gva.es/es/web/pn-lagunas-de-la-mata-torrevieja/planea-tu-visita","https://parquesnaturales.gva.es/es/web/pn-lagunas-de-la-mata-torrevieja/planea-tu-visita*"],"orig_noframes":null,"orig_run_at":"document-idle","use_blockers":[],"use_connects":[],"use_excludes":[],"use_includes":[],"use_matches":[]}},"settings":{"enabled":true,"position":7},"meta":{"name":"Natural Park Interactive Map","uuid":"608745bd-9a74-4ba6-a462-cbd06b1da0b8","modified":1625784057922}}