{"options":{"check_for_updates":false,"comment":null,"compatopts_for_requires":true,"compat_wrappedjsobject":false,"compat_metadata":false,"compat_foreach":false,"compat_prototypes":false,"noframes":true,"run_at":null,"override":{"merge_connects":true,"merge_excludes":true,"merge_includes":true,"merge_matches":true,"orig_connects":[],"orig_excludes":[],"orig_includes":[],"orig_matches":["https://parquesnaturales.gva.es/es/web/pn-lagunas-de-la-mata-torrevieja","https://parquesnaturales.gva.es/es/web/pn-lagunas-de-la-mata-torrevieja/lagunas-de-la-mata-torrevieja*"],"orig_noframes":null,"orig_run_at":"document-idle","use_blockers":[],"use_connects":[],"use_excludes":[],"use_includes":[],"use_matches":[]}},"settings":{"enabled":true,"position":8},"meta":{"name":"Natural Park Bird Sighting","uuid":"00a68936-ccec-4e80-81ac-07042da56c83","modified":1625782759207}}