{"options":{"check_for_updates":false,"comment":null,"compat_foreach":false,"compat_metadata":false,"compat_prototypes":false,"compat_wrappedjsobject":false,"compatopts_for_requires":true,"noframes":null,"override":{"merge_connects":true,"merge_excludes":true,"merge_includes":true,"merge_matches":true,"orig_connects":[],"orig_excludes":[],"orig_includes":[],"orig_matches":["https://parquesnaturales.gva.es/es/web/pn-lagunas-de-la-mata-torrevieja","https://parquesnaturales.gva.es/es/web/pn-lagunas-de-la-mata-torrevieja/lagunas-de-la-mata-torrevieja*"],"orig_noframes":null,"orig_run_at":"document-idle","use_blockers":[],"use_connects":[],"use_excludes":[],"use_includes":[],"use_matches":[]},"run_at":null},"settings":{"enabled":true,"position":6},"meta":{"name":"Weather Prediction Calendar Script","uuid":"d1ca44ff-0638-4e81-b335-1c44f435f3d6","modified":1625784048555}}